id,business_name,industry,location,address,has_website,website_url,phone,created_at
589,TAJ MAHAL BAKERY & STORE,bakery,mumbai india,"66, Perin Nariman St, Borabazar Precinct, Dwarkadas Ln, Fort, Mumbai, Maharashtra 400001",0,,090228 72327,2026-01-29 01:26:24
588,CAFE Anmol,bakery,mumbai india,"66, Perin Nariman St, Borabazar Precinct, Dwarkadas Ln, Fort, Mumbai, Maharashtra 400001",0,,090228 72327,2026-01-29 01:26:22
587,iraqui bakery,bakery,mumbai india,"43, Maulana Azad Rd, Nagpada, Mumbai, Maharashtra 400008",0,,080805 19385,2026-01-29 01:25:55
583,Jimmy Boy Mahim,bakery,mumbai india,"Near Johnson House, Pitamber Lane, Mahim West, Bhagoji Keer Rd, New Dinkar Co Operative Housing Society, Mahim, Mumbai, Maharashtra 400016",0,,086554 88110,2026-01-29 01:25:49
581,Rita Bakery,bakery,mumbai india,"Shop No, Haji Building, 11/B, Vasil Khan Marg, Nagpada, Mumbai, Maharashtra 400008",0,,085830 89707,2026-01-29 01:25:39
578,Five Star Bakery,bakery,mumbai india,"Shop No 43-A, Samudra Mahal, Shrikant Palekar Marg, Sonapur Lane, Chira Bazar, Mumbai, Maharashtra 400002",0,,096561 71118,2026-01-29 01:25:24
575,Bangalore Iyengar Bakery Parel,bakery,mumbai india,"Shop Number 4, Rakhangi Mall, Parel East, Parel, Mumbai, Maharashtra 400012",0,,084335 97608,2026-01-29 01:25:16
573,"Assorted Aromas - Best Cakes, Brownies in Mumbai",bakery,mumbai india,N/A,1,https://digitree.me/assortedaromas,075069 09097,2026-01-29 01:25:14
571,Murlidhar Hindu Bakery (Kaizen Bakers Private Limited),bakery,mumbai india,"105, 107, SS Maharaj Marg, Girgaon, Mumbai, Maharashtra 400004",0,,098213 84494,2026-01-29 01:25:11
570,La Petit Boulangerie,bakery,mumbai india,"105, 107, SS Maharaj Marg, Girgaon, Mumbai, Maharashtra 400004",0,,098213 84494,2026-01-29 01:25:10
567,La Petit Boulangerie,bakery,mumbai india,"Shop no. 8, Ground Floor, 7th Rd, T.P.S III, Sen Nagar, Santacruz East, Mumbai, Maharashtra 400055",0,,088283 86328,2026-01-29 01:25:02
565,Bake Studio cake shop,bakery,mumbai india,"Shop No. 22, Maulana Shaukat Ali Road, near JJ Hospital Building, opposite Alamgir Hotel, Nagpada, Mumbai, Maharashtra 400008",0,,073040 52636,2026-01-29 01:24:59
564,The Oberoi Patisserie and Delicatessen,bakery,mumbai india,"The Oberoi, Mumbai, Nariman Point, Mumbai, Maharashtra 400021",1,https://www.oberoihotels.com/hotels-in-mumbai/dining/the-oberoi-patisserie/?utm_source=GMBlisting&utm_medium=organic,022 6632 6245,2026-01-29 01:24:55
563,Souffle Cake Shop Mumbai central,bakery,mumbai india,"The Oberoi, Mumbai, Nariman Point, Mumbai, Maharashtra 400021",1,https://www.oberoihotels.com/hotels-in-mumbai/dining/the-oberoi-patisserie/?utm_source=GMBlisting&utm_medium=organic,022 6632 6245,2026-01-29 01:24:54
562,Souffle Cake Shop Mumbai central,bakery,mumbai india,"Shop no. 6, building, no. 2, Lamington Rd, Navjeevan Society, Navjeevan Area, Dalal Estate, Mumbai Central, centra, Mumbai, Maharashtra 400008",1,https://soufflefoodworks.com/,072497 66620,2026-01-29 01:24:49
558,H & B Cake Shop,bakery,mumbai india,"Shop NO 6, Unity Park CHS, R.B.Chandorkar Rd, Maharashtra 400011",0,,093738 83163,2026-01-29 01:24:43
555,Parisserie,bakery,mumbai india,"272, New Queens Rd, Charni Road East, Opera House, Girgaon, Mumbai, Maharashtra 400004",1,https://parisserie.in/about/,096193 31166,2026-01-29 01:24:39
553,INDIAN BAKERY STORE,bakery,mumbai india,"Next to KSA Elaf Building, Madanpura, Maulana Azad Rd, Byculla, Mumbai, Maharashtra 400008",0,,090823 80633,2026-01-29 01:24:33
551,Bombay Bizare Baker,bakery,mumbai india,"Mumbai, Bandra, Nargis Dutt Rd, Pali Hill, Mumbai, Maharashtra 400050",1,http://bombaybizarebaker.com/,098200 06440,2026-01-29 01:24:27
548,"Theobroma Bakery and Cake Shop - Mazgaon, Mumbai",bakery,mumbai india,"Saifee Park Building, 20, Post, Dr Mascarenhas Rd, opposite Mazgaon, Mumbai, Maharashtra 400010",1,https://order.theobroma.in/order/theobroma-mazgaon-mumbai,081828 81881,2026-01-29 01:24:23
546,Designer Cake by Harshata- Premium Birthday Cakes in Mumbai,bakery,mumbai india,"Mahalaxmi Race Course or Zenith House, Dr Babasaheb Ambedkar Colony, Mahalakshmi, Mumbai, Maharashtra 400034",0,,090824 23164,2026-01-29 01:24:20
543,Star Anise Patisserie,bakery,mumbai india,"117, S, Shop Number 4, 37, B Singh Road, Colaba Causeway, Mumbai, Maharashtra 400001",1,http://www.staranise.in/,091364 00940,2026-01-29 01:24:16
542,Bangalore Iyenger's Bakery,bakery,mumbai india,"12, Raminimi Fort, 12c, Cawasji Patel St, near Mahesh lunch home, next to mahesh lunch home, Fort, Mumbai, Maharashtra 400001",0,,081979 69754,2026-01-29 01:24:15
539,FIG - The Bakery,bakery,mumbai india,"505, 5th floor, Morya Building S. Nalawade Marg, Tukaram Bhikaji Kadam Marg, Parel, Mumbai, Maharashtra 400012",1,https://wa.me/c/919833419535,098334 19535,2026-01-29 01:24:10
535,The Bake Room,bakery,mumbai india,"Shop No. 28, Vikas Paradise, Bhakti Marg, Jagjivan Ram Nagar, Mulund West, Mumbai, Maharashtra 400080",0,,097694 46444,2026-01-29 01:24:05
534,Free India Restaurant Stores & Bakery,bakery,mumbai india,"75-93, Jagannath Shankar Seth Rd, Charni Road East, Bhatwadi, Girgaon, Mumbai, Maharashtra 400004",0,,022 2389 3293,2026-01-29 01:23:50
532,Yazdani Bakery (Girgaon),bakery,mumbai india,"Khadilkar Rd, Charni Road East, Khandiwadi, Ambewadi, Girgaon, Mumbai, Maharashtra 400004",0,,091678 56471,2026-01-29 01:23:45
529,Parsi Bakery,bakery,mumbai india,"Malkani Mahal, JB Temkar Marg, opposite Century Bazar, Adarsh Nagar, Worli, Mumbai, Maharashtra 400030",0,,092222 22252,2026-01-29 01:23:37
528,"Theobroma Bakery and Cake Shop - Prabhadevi, Mumbai",bakery,mumbai india,"Shop No 3, Shivalik Building, Appasaheb Marathe Marg, next to Tata Motors, Century Bazaar, Prabhadevi, Mumbai, Maharashtra 400025",1,https://order.theobroma.in/order/theobroma-prabhadevi-mumbai,081828 81881,2026-01-29 01:23:07
527,J Hearsch & Co.,bakery,mumbai india,"90 A, Hill Rd, next to Holy Family Hospital, Bandra West, Mumbai, Maharashtra 400050",0,,091525 90746,2026-01-29 01:23:06
526,"SLAGINDIA Cafe, Bakery & Cake Shop",bakery,mumbai india,"Shop Num 17, Agrichawl, Cochin St, opp. Lane Of New Custom House, Ballard Estate, Fort, Mumbai, Maharashtra 400001",0,,090047 76067,2026-01-29 01:23:05
524,Zam Zam Sweet & Bakery,bakery,mumbai india,"Fancy Mahal, Mohammed Ali Rd, opposite Minara Masjid, Mandvi, Mumbai, Maharashtra 400003",1,http://www.zamzamsweet.com/,022 2347 5422,2026-01-29 01:22:58
520,Kwality Confectioners and Bakers (India) Pvt. Ltd.,bakery,mumbai india,"POLICE STATION, 122, Khairani Rd, near sakinaka, GM Colony, Azmi compound, Chandivali, Powai, Mumbai, Maharashtra 400072",1,http://www.kwalitybakers.com/,098332 94444,2026-01-29 01:22:52
519,Deliure & The Eatrium,bakery,mumbai india,"Ground Floor, Petrol Pump, Halima Manzil, 52/A, opp. Mirza Galib Road, Ashadham Colony, Madanpura, Mumbai, Maharashtra 400008",1,http://www.deliure.com/,086558 61999,2026-01-29 01:22:50
518,Edward's The Bakery,bakery,mumbai india,"62/64, Perin Nariman St, Borabazar Precinct, Ballard Estate, Fort, Mumbai, Maharashtra 400001",0,,098335 84646,2026-01-29 01:22:49
517,Love & Flour Home Bakery (24Hrs Pre-Order Only),bakery,mumbai india,"8, General Jagannath Bhosle Rd, Nariman Point, Mumbai, Maharashtra 400021",1,http://www.loveandflour.in/,099301 52303,2026-01-29 01:22:48
516,Paris Bakery,bakery,mumbai india,"8, General Jagannath Bhosle Rd, Nariman Point, Mumbai, Maharashtra 400021",1,http://www.loveandflour.in/,099301 52303,2026-01-29 01:22:47
514,Paris Bakery,bakery,mumbai india,"Our Lady Of Dollors, 278, Dr Cawasji Hormusji Street, Church Lane, Marine Lines, Mumbai, Maharashtra 400002",0,,074004 01963,2026-01-29 01:22:40
513,Deliciae by Bunty Mahajan,bakery,mumbai india,"Shop No 11, Gasper Enclave, St. John`s Road and, Pali Rd, Bandra West, Mumbai, Maharashtra 400050",1,https://www.deliciaecakes.com/,090290 23000,2026-01-29 01:22:38
512,Pahelvi Bakery,bakery,mumbai india,"Shop No. 103/103A, Ground Floor, Anandrao Surve Marg, JJ Hospital And College Campus, Noor Baug, Umerkhadi, Mumbai, Maharashtra 400009",0,,022 2377 4653,2026-01-29 01:22:37
511,Bombay Baking Company,bakery,mumbai india,"Jw Marriott, Juhu Tara Rd, Juhu Tara, Juhu, Mumbai, Maharashtra 400049",1,https://www.marriott.com/en-us/hotels/bomjw-jw-marriott-mumbai-juhu/dining/,022 6693 3344,2026-01-29 01:22:35
509,The Bakerie,bakery,mumbai india,"The Shalimar Hotel, August Kranti Rd, Kemps Corner, Malabar Hill, Mumbai, Maharashtra 400026",1,http://www.theshalimarhotel.com/,022 4311 1057,2026-01-29 01:22:33
506,The Rolling Pin in Quattro,bakery,mumbai india,"12, Janta Industrial Estate, Senapati Bapat Marg, opposite Phoenix, Lower, Parel, Mumbai, Maharashtra 400013",1,https://www.therollingpin.in/,022 4610 4612,2026-01-29 01:22:27
504,TwentySeven Bakehouse,bakery,mumbai india,"Building Housing Society, Videocon Icon, Shop No. 3, Glamour Glen, Dr Ambedkar Rd, Bandra West, Mumbai, Maharashtra 400050",0,,093725 15271,2026-01-29 01:22:24
503,City Bakery,bakery,mumbai india,"204, Dr Annie Besant Rd, Worli Naka, BDD Chawls Worli, Worli, Mumbai, Maharashtra 400018",0,,088791 59569,2026-01-29 01:22:22
502,Harley's Ivory Lounge - Kala Ghoda BSE,bakery,mumbai india,"20, Ambalal Doshi Marg, Kala Ghoda, Fort, Mumbai, Maharashtra 400001",1,https://www.harleys.com/,080830 98888,2026-01-29 01:22:21
501,Daily Bread N Foods,bakery,mumbai india,"Unit No.3 & 4, Pvt. Ltd, behind Mahindra Towers, Lower Parel West, Worli, Mumbai, Maharashtra 400013",1,https://dailybreadnfoods.co.in/,022 2496 4158,2026-01-29 01:22:19
500,Bombay Cakery,bakery,mumbai india,"M-1, NM Joshi Marg, Byculla West, Jacob Circle, Mumbai, Maharashtra 400011",1,http://m.facebook.com/Bombay-cakery-793693650704302/?fref=ts,079775 37873,2026-01-29 01:22:18
499,"Theobroma Bakery and Cake Shop - Colaba, Mumbai",bakery,mumbai india,"Shop No 24, Cusrow Baug, Shahid Bhagat Singh Road, Colaba Causeway, Colaba, Mumbai, Maharashtra 400001",1,https://order.theobroma.in/order/theobroma-colaba-mumbai,081828 81881,2026-01-29 01:22:17
498,MODERN PATISSERIE,bakery,mumbai india,"+ Shop No:03, Floor No:Ground, Building Name:Mustafa Palace, Block Sector:Nagpada, Mumbai Central, Mumbai - 400008, Road:Peerkhan, 1st And, Second St, City:Byculla, District:Mumbai, Mumbai, Maharashtra 400008",1,https://www.instagram.com/modern_patisserie?igsh=MW9mNXV6eXl3amZwYg==&utm_source=qr,091360 77183,2026-01-29 01:22:16
497,The Cake Farm Mumbai,bakery,mumbai india,"Shop No 3, bhikibidi chawl Naka, Maharashtra 400033",0,,090824 94088,2026-01-29 01:22:14
496,Exmouth Coffee Company,bakery,United Kingdom,"83 Whitechapel High St, Algate East, London E1 7QX, United Kingdom",0,,+44 20 7377 1010,2026-01-29 01:20:43
495,JAMAICA PATTY CO.,bakery,United Kingdom,"26 New Row, London WC2N 4LA, United Kingdom",1,https://jamaicapatty.co.uk/,+44 20 7836 3334,2026-01-29 01:20:41
494,German Bakery,bakery,United Kingdom,"Ourem Road, Mohanbagh, Palolem, near Palolem Inn, Canacona, Goa 403702",0,,083510 08160,2026-01-29 01:20:40
493,International Wholesale Bakery,bakery,United Kingdom,"Forest Trading Estate, Priestley Way, London E17 6AL, United Kingdom",1,http://iwbakery.co.uk/,+44 20 8527 5002,2026-01-29 01:20:39
489,First United Bakery Ltd,bakery,United Kingdom,"Bethel Hall, Kelvin Way, West Bromwich B70 7JW, United Kingdom",0,,+44 121 553 5117,2026-01-29 01:20:31
488,Maroush,bakery,United Kingdom,"131 Earls Ct Rd, London SW5 9RQ, United Kingdom",1,https://www.maroush.com/restaurant/maroush-bakehouse-earls-court/,+44 20 4553 6694,2026-01-29 01:20:26
487,"L.P.C. BAKERY LTD T/A ""Le Petit Croissant Bakery""",bakery,United Kingdom,"Lower Clapton Farm, Upper Quinton, Stratford-upon-Avon CV37 8LQ, United Kingdom",1,http://lpcbakery.co.uk/,+44 7814 422576,2026-01-29 01:20:25
486,GAIL's Bakery Soho,bakery,United Kingdom,"128 Wardour St, London W1F 8ZL, United Kingdom",1,https://gails.com/pages/soho,+44 20 7287 1324,2026-01-29 01:20:22
485,United Bread Ltd,bakery,United Kingdom,"Business Park, Unit 2 Station St W, Coventry CV6 5BP, United Kingdom",1,http://www.unitedbread.co.uk/,+44 24 7666 5421,2026-01-29 01:20:21
484,Kuro Bakery,bakery,United Kingdom,"95 Notting Hill Gate, London W11 3JZ, United Kingdom",1,http://www.unitedbread.co.uk/,+44 24 7666 5421,2026-01-29 01:20:19
483,Halstead Bakery,bakery,United Kingdom,"26-28 Camden Rd, Tunbridge Wells TN1 2PT, United Kingdom",1,https://www.halsteadbakery.com/,+44 1892 726727,2026-01-29 01:20:13
482,Ole & Steen,bakery,United Kingdom,"56, No 2 Haymarket, St James's Market, London SW1Y 4RP, United Kingdom",1,https://oleandsteen.co.uk/,+44 20 3828 8242,2026-01-29 01:20:11
481,Hamblin Bread,bakery,United Kingdom,"247 Iffley Rd, Oxford OX4 1SJ, United Kingdom",1,https://www.hamblinbread.co.uk/,+44 1865 243545,2026-01-29 01:20:09
480,Maison Bertaux,bakery,United Kingdom,"28 Greek St, London W1D 5DQ, United Kingdom",1,http://www.maisonbertaux.com/,+44 20 7437 6007,2026-01-29 01:20:06
479,Common Breads,bakery,United Kingdom,"110 Buckingham Palace Rd, London SW1W 9SA, United Kingdom",1,http://www.commonbreads.com/,+44 20 8017 3773,2026-01-29 01:20:04
478,Bageriet,bakery,United Kingdom,"24 Rose St, London WC2E 9EA, United Kingdom",1,http://www.bageriet.co.uk/,+44 20 7240 0000,2026-01-29 01:20:02
477,Aux pains de papy,bakery,United Kingdom,"279 Gray's Inn Rd, London WC1X 8QF, United Kingdom",1,http://www.auxpainsdepapy.co.uk/,+44 7771 613779,2026-01-29 01:20:01
476,E5 Bakehouse,bakery,United Kingdom,"396 Mentmore Terrace, London E8 3PH, United Kingdom",1,http://e5bakehouse.com/,+44 20 8525 2890,2026-01-29 01:20:00
465,Ferrane Bakery,bakery,New York,"57 Clark St, Brooklyn, NY 11201, United States",1,http://www.ferranebakery.com/,+1 347-563-7394,2026-01-29 01:19:24
460,Luna Cafe & Bakery,bakery,New York,"111 Bowery, New York, NY 10002, United States",0,,+1 646-876-1988,2026-01-29 01:19:12
456,Colomba bakery,bakery,New York,"29 Waverly Pl, New York, NY 10003, United States",1,https://www.colombabakery.com/,+1 646-720-0572,2026-01-29 01:19:01
450,Lady M Cake Boutique - NY,bakery,New York,"101 Liberty St Suite 1415, New York, NY 10006, United States",1,https://www.ladym.com/,+1 929-556-7833,2026-01-29 01:18:49
444,Tria Bakery Cafe Diner,bakery,New York,"22 Chatham Square, New York, NY 10038, United States",1,http://www.triadinerbakery.com/,+1 212-406-3653,2026-01-29 01:18:34
435,Black Star Bakery & Cafe,bakery,New York,"241 E 24th St, New York, NY 10010, United States",1,https://www.blackstarbakery.com/,+1 646-476-9933,2026-01-29 01:18:06
430,Rossy's Bakery & Coffee Shop,bakery,New York,"242 E 3rd St, New York, NY 10009, United States",1,http://rossysbakery.com/,+1 212-253-2424,2026-01-29 01:17:58
424,Papa d’Amour,bakery,New York,"64 University Pl, New York, NY 10003, United States",1,http://papadamourny.com/,+1 917-675-6151,2026-01-29 01:17:41
416,Moishe's Kosher Bakery,bakery,New York,"504 Grand St #1, New York, NY 10002, United States",1,https://moishesbakeshop.com/,+1 212-673-5832,2026-01-29 01:17:15
412,Grandaisy Bakery,bakery,New York,"250 W Broadway, New York, NY 10013, United States",1,http://grandaisybakery.com/,+1 212-334-9435,2026-01-29 01:17:07
409,Sullivan Street Bakery and Pizza,bakery,New York,"236 9th Ave, New York, NY 10001, United States",1,http://www.sullivanstreetbakery.com/,+1 212-929-5900,2026-01-29 01:17:02
403,Lady M Cake Boutique - New York City,bakery,New York,"36 W 40th St, New York, NY 10018, United States",1,http://www.ladym.com/,+1 929-556-7985,2026-01-29 01:16:49
400,Paris Baguette,bakery,New York,"55 Fulton St, New York, NY 10038, United States",1,https://parisbaguette.com/locations/ny/new-york/55-fulton-street/,+1 646-581-9264,2026-01-29 01:16:45
398,Chiu Hong Bakery,bakery,New York,"161 Mott St, New York, NY 10013, United States",0,,+1 212-966-7664,2026-01-29 01:16:42
393,The Bakery Room,bakery,New York,"122 E 55th St, New York, NY 10022, United States",0,,+1 646-398-9844,2026-01-29 01:16:22
390,Zeppola Bakery,bakery,New York,"499 7th Ave, New York, NY 10018, United States",1,http://www.zeppolabakery.com/,+1 917-419-9690,2026-01-29 01:16:15
386,Smør Bakery,bakery,New York,"437 E 12th St, New York, NY 10009, United States",1,http://smorbakerynyc.com/,+1 646-478-8441,2026-01-29 01:16:07
385,Magnolia Bakery,bakery,New York,"437 E 12th St, New York, NY 10009, United States",1,http://smorbakerynyc.com/,+1 646-478-8441,2026-01-29 01:16:06
384,Magnolia Bakery,bakery,New York,"401 Bleecker St, New York, NY 10014, United States",1,http://www.magnoliabakery.com/,+1 212-462-2572,2026-01-29 01:16:04
380,Pi Bakerie,bakery,New York,"35 Cedar St, New York, NY 10005, United States",1,http://www.pibakeriefidi.com/,+1 917-991-6424,2026-01-29 01:15:57
378,Bread Story,bakery,New York,"264 1st Ave, New York, NY 10009, United States",1,http://www.bread-story.com/,+1 347-633-3780,2026-01-29 01:15:54
376,Crumbly Cafe & Bakery,bakery,New York,"997 1st Ave, New York, NY 10022, United States",1,http://www.crumblynyc.com/,+1 917-409-3008,2026-01-29 01:15:51
373,Fabrique Artisan Bakery,bakery,New York,"348 W 14th St, New York, NY 10014, United States",1,http://fabriquebakery.com/,+1 917-261-2476,2026-01-29 01:15:42
372,Sullivan Street Bakery,bakery,New York,"533 W 47th St, New York, NY 10036, United States",1,http://www.sullivanstreetbakery.com/,+1 212-265-5580,2026-01-29 01:15:41
371,Orwashers Bakery,bakery,New York,"308 E 78th St, New York, NY 10075, United States",1,http://www.orwashers.com/,+1 212-288-6569,2026-01-29 01:15:39
370,Frenchette Bakery,bakery,New York,"220 Church St, New York, NY 10013, United States",1,http://frenchettebakery.com/,+1 212-227-1787,2026-01-29 01:15:38
368,NY Bakery and Desserts Times Square,bakery,New York,"1580 Broadway, New York, NY 10036, United States",1,https://nybakeryanddesserts.com/,+1 929-507-9222,2026-01-29 01:15:35
367,Billy's Bakery,bakery,New York,"184 9th Ave, New York, NY 10011, United States",1,http://www.billysbakerynyc.com/,+1 212-647-9406,2026-01-29 01:15:33
366,Breads Bakery,bakery,New York,"18 E 16th St, New York, NY 10003, United States",1,https://www.breadsbakery.com/,+1 212-633-2253,2026-01-29 01:15:32
365,NY Bakery and Desserts NoMad,bakery,New York,"1204 Broadway, New York, NY 10001, United States",1,https://nybakeryanddesserts.com/,+1 929-507-9222,2026-01-29 01:15:31
362,Angelina Bakery,bakery,New York,"575 8th Ave, New York, NY 10018, United States",1,https://www.angelinabakery.com/,+1 212-687-7100,2026-01-29 01:15:25
361,Unregular Bakery,bakery,New York,"124 4th Ave, New York, NY 10003, United States",1,https://www.unregularbakery.com/,+1 646-422-7262,2026-01-29 01:15:23
360,NY Bakery and Desserts Midtown,bakery,New York,"512 7th Ave, New York, NY 10018, United States",1,http://nybakeryanddesserts.com/,+1 929-507-9222,2026-01-29 01:15:22
359,Veniero's Pasticceria & Caffe,bakery,New York,"342 E 11th St, New York, NY 10003, United States",1,http://www.venieros.com/,+1 212-674-7070,2026-01-29 01:15:21
358,Mille-Feuille Bakery,bakery,New York,"552 LaGuardia Pl, New York, NY 10012, United States",1,https://www.millefeuille-nyc.com/,+1 212-533-4698,2026-01-29 01:15:20
357,Levain Bakery,bakery,New York,"340 Lafayette St, New York, NY 10012, United States",1,https://levainbakery.com/pages/noho,+1 917-464-3746,2026-01-29 01:15:18
356,Levain Bakery,bakery,New York,"167 W 74th St, New York, NY 10023, United States",1,https://levainbakery.com/pages/west-74th-street,+1 917-464-3769,2026-01-29 01:15:17
355,Vanilla Gorilla Cafe,bakery,New York,"332 W 44th St, New York, NY 10036, United States",1,https://www.vanillagorillacafe.com/?utm_source=gmb&utm_medium=organic&utm_campaign=website,+1 646-952-0024,2026-01-29 01:15:16
354,Whole Foods Market,bakery,New York,"101 Washington St, Hoboken, NJ 07030, United States",1,https://www.wholefoodsmarket.com/stores/hoboken?utm_source=google&utm_medium=organic&utm_campaign=listings,+1 201-377-3520,2026-01-29 01:15:15
352,Bryan's Cake House,bakery,USA,"Emmanuel Building, Police Station, opposite Vamanjoor, Vamanjoor, Mangaluru, Karnataka 575028",1,http://www.bryanscakehouse.com/,098807 85536,2026-01-29 01:15:02
348,Sweet Mimi's Café & Bakery,bakery,USA,"47 Phila St, Saratoga Springs, NY 12866, United States",1,http://www.sweetmimiscafe.com/,+1 518-871-1780,2026-01-29 01:14:55
347,Nomada Bakery,bakery,USA,"210 11th St #15, Huntington, WV 25701, United States",1,http://www.nomadabakery.com/,+1 681-204-5528,2026-01-29 01:14:52
345,Birmingham Breadworks,bakery,USA,"2408 7th Ave S, Birmingham, AL 35233, United States",1,http://www.birminghambreadworks.com/,+1 205-202-3207,2026-01-29 01:14:49
342,Quail & Condor,bakery,USA,"44 Mill St Unit J, Healdsburg, CA 95448, United States",1,https://www.quailandcondor.com/,+1 707-473-8254,2026-01-29 01:14:43
341,A Bakeshop,bakery,USA,"803 N 7th St Suite 102, Phoenix, AZ 85006, United States",1,http://www.abakeshop.com/,+1 602-274-2253,2026-01-29 01:14:38
340,Balthazar Bakery,bakery,USA,"214 S Dean St, Englewood, NJ 07631, United States",1,http://www.balthazarbakery.com/,+1 201-503-9717,2026-01-29 01:14:36
339,Carlo's Bakery,bakery,USA,"95 Washington St, Hoboken, NJ 07030, United States",1,https://orders.carlosbakery.com/carlos-hoboken/menu,+1 201-659-3671,2026-01-29 01:14:35
338,Manipal Bakery,bakery,USA,"Shop number 26-27, State Highway 27 Eshwar Nagar Manipal Comercial Complex, Manipal, Karnataka 576104",0,,099808 80608,2026-01-29 01:14:33
337,Breads Bakery – Upper West Side,bakery,USA,"1890 Broadway, New York, NY 10023, United States",1,https://www.breadsbakery.com/,+1 212-633-2253,2026-01-29 01:14:32
336,Ayu Bakehouse,bakery,USA,"1890 Broadway, New York, NY 10023, United States",1,https://www.breadsbakery.com/,+1 212-633-2253,2026-01-29 01:14:31
335,Ayu Bakehouse,bakery,USA,"801 Frenchmen St, New Orleans, LA 70117, United States",1,http://ayubakehouse.com/,+1 504-302-7985,2026-01-29 01:14:29
332,Dominique Ansel Bakery,bakery,USA,"189 Spring St, New York, NY 10012, United States",1,http://www.dominiqueanselny.com/,+1 212-219-2773,2026-01-29 01:14:24
329,Belle's Bread Japanese Bakery and Café,bakery,USA,"1168 Kenny Centre Mall, Columbus, OH 43220, United States",1,https://bellesbread.japanmarketplace.com/,+1 614-451-7110,2026-01-29 01:14:20
328,The Baking Association of Canada (BAC),bakery,Canada,N/A,1,http://www.baking.ca/,+1 905-405-0288,2026-01-29 01:10:06
326,Backerhaus Veit Ltd,bakery,Canada,"6745 Invader Crescent, Mississauga, ON L5T 2B7, Canada",1,http://www.backerhausveit.com/,+1 800-387-8860,2026-01-29 01:10:04
324,Stuart's Bakery,bakery,Canada,"1689 Johnston St, Vancouver, BC V6H 3S2, Canada",0,,+1 604-685-8816,2026-01-29 01:10:01
323,Le Moulin de Provence,bakery,Canada,"55 Byward Market Square, Ottawa, ON K1N 1K1, Canada",1,http://www.lemoulindeprovence.com/,+1 613-241-9152,2026-01-29 01:10:00
321,La Brioche Pastry & Bakery (Glebe),bakery,Canada,"866 Bank St, Ottawa, ON K1S 3W2, Canada",0,,+1 613-565-0002,2026-01-29 01:09:57
317,Bonjour Brioche,bakery,Canada,"812 Queen St E, Toronto, ON M4M 1H7, Canada",1,https://bonjourbrioche.com/,+1 416-406-1250,2026-01-29 01:09:49
316,Art-Is-In Bakery,bakery,Canada,"250 City Centre Ave #112, Ottawa, ON K1R 6K7, Canada",1,http://www.artisinbakery.com/,+1 613-695-1226,2026-01-29 01:09:45
312,Trafiq Cafe & Bakery,bakery,Canada,"4216 Main St, Vancouver, BC V5V 3P9, Canada",1,http://trafiq.ca/,+1 604-648-2244,2026-01-29 01:09:37
309,Future Bakery & Cafe,bakery,Canada,"95 Front St E, Toronto, ON M5E 1C2, Canada",1,http://www.futurebakery.com/,+1 416-366-7259,2026-01-29 01:09:33
308,Cakebread Artisan Bakery & Hot Chocolates,bakery,Canada,"368 5th St, Courtenay, BC V9N 1K1, Canada",1,http://www.hotchocolates.ca/collections/cakebread-breads,+1 250-338-8211,2026-01-29 01:09:28
306,Uprising Breads Bakery,bakery,Canada,"1697 Venables St, Vancouver, BC V5L 2H1, Canada",1,http://www.uprisingbreads.com/,+1 604-254-5635,2026-01-29 01:09:25
305,Chocolada,bakery,Canada,"180 Steeles Ave W #11, Thornhill, ON L4J 2L1, Canada",1,http://www.chocolada.com/,+1 905-882-4825,2026-01-29 01:09:24
303,Bâtard Bakery,bakery,Canada,"3958 Fraser St, Vancouver, BC V5V 4E4, Canada",1,http://batardbakery.com/,+1 604-506-3958,2026-01-29 01:09:21
300,Brick Street Bakery,bakery,Canada,"27 Trinity St, Toronto, ON M5A 3C4, Canada",1,http://www.brickstreetbakery.com/,+1 416-214-4949,2026-01-29 01:09:15
299,Purebread Bakery + Coffee,bakery,Canada,"27 Trinity St, Toronto, ON M5A 3C4, Canada",1,http://www.brickstreetbakery.com/,+1 416-214-4949,2026-01-29 01:09:13
298,Purebread Bakery + Coffee,bakery,Canada,"159 W Hastings St, Vancouver, BC V6B 1H5, Canada",1,http://www.purebread.ca/,+1 604-563-8060,2026-01-29 01:09:11
297,Butter Baker Market Café,bakery,Canada,"114 Dundas St W, Toronto, ON M5G 1C3, Canada",1,http://www.butter-baker.com/,+1 416-971-8686,2026-01-29 01:09:10
295,Sudarshan Bakery,bakery,Canada,"SH 65, Adi-udupi, Udupi, Karnataka 576101",0,,096116 36117,2026-01-29 01:09:07
294,Serano Bakery,bakery,Canada,"830 Pape Ave, East York, ON M4K 3T5, Canada",1,https://seranobakery.com/,+1 416-462-2735,2026-01-29 01:09:06
292,Forno Cultura,bakery,Canada,"609 King St W, Toronto, ON M5V 1M5, Canada",1,https://fornocultura.com/,+1 416-603-8305,2026-01-29 01:09:03
291,"AURA - CAKE shop, Café & Bakery",bakery,Canada,"Grasslands complex, bus stand, Govind Ballabh Pant Rd, near service, Thenkpete, Maruthi Veethika, Udupi, Karnataka 576101",1,https://auraudupi.in/,099015 46484,2026-01-29 01:09:01
290,Alwyn Bakery,bakery,Canada,"CPC Plaza, Kavi Muddanna Marg, near bus stand, Thenkpete, Maruthi Veethika, Udupi, Karnataka 576101",0,,098451 20873,2026-01-29 01:09:00
289,Bake N Cake,bakery,Canada,"Hanuman Garage - Diana Theatre Rd, Chitpady, Udupi, Karnataka 576101",0,,096630 34109,2026-01-29 01:08:58
